"orderid","customername","contactnumber"
1,"Ishaan Verma","+91 9258417605"
2,"Ishaan Sharma","+91 9672176384"
3,"Mohan Iyer","+91 9310968755"
4,"Aditya Iyer","+91 8982609623"
5,"Ananya Sharma","+91 8687243258"
6,"Aarav Reddy","+91 7684325750"
7,"Aditya Mehta","+91 8303279207"
8,"Rohit Iyer","+91 9903296693"
9,"Mohan Iyer","+91 9833011278"
10,"Aditya Reddy","+91 8517387478"
11,"Riya Iyer","+91 8640895349"
12,"Ishaan Reddy","+91 8113894876"
13,"Ananya Iyer","+91 7933191679"
14,"Ananya Nair","+91 7975397321"
15,"Riya Iyer","+91 9390410907"
16,"Aarav Verma","+91 8050131940"
17,"Saanvi Singh","+91 8500387896"
18,"Mohan Mehta","+91 9265814041"
19,"Mohan Patel","+91 8869343315"
20,"Vihaan Reddy","+91 7730551259"
21,"Aisha Nair","+91 8533600361"
22,"Saanvi Kumar","+91 9428997166"
23,"Rohit Patel","+91 7246440114"
24,"Vihaan Verma","+91 8771278906"
25,"Ananya Singh","+91 7565431538"
26,"Aarav Patel","+91 8018331210"
27,"Riya Singh","+91 8379384809"
28,"Saanvi Iyer","+91 9220383085"
29,"Aditya Reddy","+91 9789332175"
30,"Riya Verma","+91 9151098822"
31,"Ishaan Gupta","+91 9871033205"
32,"Saanvi Patel","+91 8379477427"
33,"Ishaan Sharma","+91 9866451667"
34,"Ananya Gupta","+91 7050911313"
35,"Ananya Singh","+91 8439418933"
36,"Aisha Patel","+91 8266232297"
37,"Rohit Verma","+91 7839232581"
38,"Riya Iyer","+91 8125159305"
39,"Rohit Kumar","+91 8128147668"
40,"Rohit Reddy","+91 7264226027"
41,"Mohan Reddy","+91 7658183176"
42,"Ishaan Nair","+91 8495749986"
43,"Riya Mehta","+91 9054486575"
44,"Aarav Verma","+91 7833953673"
45,"Aisha Sharma","+91 8291391816"
46,"Saanvi Nair","+91 7347928263"
47,"Rohit Reddy","+91 9418039779"
48,"Ananya Gupta","+91 8623605839"
49,"Ishaan Singh","+91 7194128795"
50,"Ishaan Sharma","+91 9948886540"
51,"Aditya Gupta","+91 7828576281"
52,"Rohit Nair","+91 7940843300"
53,"Ananya Sharma","+91 9779119470"
54,"Saanvi Verma","+91 7508717180"
55,"Riya Iyer","+91 8859701020"
56,"Ishaan Nair","+91 7842271318"
57,"Mohan Nair","+91 7215078899"
58,"Vihaan Sharma","+91 7084531554"
59,"Aditya Patel","+91 9494272711"
60,"Mohan Kumar","+91 7866377812"
61,"Riya Verma","+91 8316164006"
62,"Saanvi Mehta","+91 7017208166"
63,"Vihaan Singh","+91 9007388520"
64,"Aisha Sharma","+91 9554089659"
65,"Vihaan Mehta","+91 9504568485"
66,"Aditya Gupta","+91 9639605529"
67,"Rohit Nair","+91 8600716537"
68,"Aarav Singh","+91 9569547186"
69,"Ishaan Verma","+91 9915306837"
70,"Mohan Kumar","+91 7412502974"
71,"Riya Verma","+91 8673787501"
72,"Ishaan Gupta","+91 8400271801"
73,"Ananya Reddy","+91 8086448727"
74,"Vihaan Sharma","+91 9012682172"
75,"Vihaan Iyer","+91 9840838191"
76,"Riya Patel","+91 9565263826"
77,"Ananya Mehta","+91 8185607020"
78,"Ishaan Singh","+91 7940336418"
79,"Mohan Iyer","+91 8855769863"
80,"Aisha Patel","+91 9616502907"
81,"Riya Nair","+91 9178228477"
82,"Mohan Nair","+91 7620598582"
83,"Vihaan Iyer","+91 7701878782"
84,"Riya Mehta","+91 8148543663"
85,"Riya Kumar","+91 7900910694"
86,"Aditya Singh","+91 8639710521"
87,"Aditya Patel","+91 7883703663"
88,"Aisha Verma","+91 7423557084"
89,"Ishaan Verma","+91 8351032352"
90,"Vihaan Mehta","+91 7766606574"
91,"Saanvi Singh","+91 9093939614"
92,"Aarav Mehta","+91 9231745013"
93,"Aisha Patel","+91 7427632187"
94,"Vihaan Verma","+91 9806352180"
95,"Rohit Verma","+91 9847745627"
96,"Aisha Verma","+91 7207745049"
97,"Vihaan Gupta","+91 7896478654"
98,"Aisha Nair","+91 8291801541"
99,"Aarav Nair","+91 9197649780"
100,"Ananya Sharma","+91 8643349665"
